{
  "version": 2,
  "headers": [
    {
      "source": "/(.*)",
      "headers": [
        {
          "key": "Content-Security-Policy",
          "value": "default-src 'self'; script-src 'self' 'unsafe-inline' https://www.googletagmanager.com https://apis.google.com; connect-src 'self' https://travcen.onrender.com https://www.google-analytics.com https://region1.google-analytics.com https://*.googleapis.com; img-src 'self' data: https:; style-src 'self' 'unsafe-inline' https://fonts.googleapis.com; font-src 'self' https://fonts.gstatic.com; frame-src https://accounts.google.com;"
        },
        {
          "key": "X-Frame-Options",
          "value": "SAMEORIGIN"
        },
        {
          "key": "X-Content-Type-Options",
          "value": "nosniff"
        },
        {
          "key": "Referrer-Policy",
          "value": "strict-origin-when-cross-origin"
        },
        {
          "key": "Permissions-Policy",
          "value": "geolocation=(), microphone=(), camera=(), payment=()"
        },
        {
          "key": "Strict-Transport-Security",
          "value": "max-age=63072000; includeSubDomains; preload"
        }
      ]
    }
  ],
  "rewrites": [
    {
      "source": "/api/:path*",
      "destination": "https://travcen.onrender.com/api/:path*"
    }
  ],
  "redirects": [
    {
      "source": "/home",
      "destination": "/",
      "permanent": true
    }
  ]
}
